{
  "project_info": {
    "project_number": "463665648594",
    "firebase_url": "https://aquagen-f6d24.firebaseio.com",
    "project_id": "aquagen-f6d24",
    "storage_bucket": "aquagen-f6d24.appspot.com"
  },
  "client": [
    {
      "client_info": {
        "mobilesdk_app_id": "1:463665648594:android:66295e12127d6b73",
        "android_client_info": {
          "package_name": "com.example.admin.aqua"
        }
      },
      "oauth_client": [
        {
          "client_id": "463665648594-mtlicscau5dhn7a6p8n36djpmo3j592t.apps.googleusercontent.com",
          "client_type": 1,
          "android_info": {
            "package_name": "com.example.admin.aqua",
            "certificate_hash": "420f21982d58a3f893ddddfbacdf26243461e256"
          }
        },
        {
          "client_id": "463665648594-7p02prg4vgu16hni1ki62rk1dh5pi4am.apps.googleusercontent.com",
          "client_type": 3
        }
      ],
      "api_key": [
        {
          "current_key": "AIzaSyALOTrtkVfQFvXzXDT2W_oEYrWIYW5A3Ss"
        }
      ],
      "services": {
        "analytics_service": {
          "status": 1
        },
        "appinvite_service": {
          "status": 2,
          "other_platform_oauth_client": [
            {
              "client_id": "463665648594-7p02prg4vgu16hni1ki62rk1dh5pi4am.apps.googleusercontent.com",
              "client_type": 3
            }
          ]
        },
        "ads_service": {
          "status": 2
        }
      }
    },
    {
      "client_info": {
        "mobilesdk_app_id": "1:463665648594:android:c2d85043289bfb29",
        "android_client_info": {
          "package_name": "com.example.admin.aquagen"
        }
      },
      "oauth_client": [
        {
          "client_id": "463665648594-ufqt2u3iqrdl9at5jceplk71vjr78rch.apps.googleusercontent.com",
          "client_type": 1,
          "android_info": {
            "package_name": "com.example.admin.aquagen",
            "certificate_hash": "420f21982d58a3f893ddddfbacdf26243461e256"
          }
        },
        {
          "client_id": "463665648594-7p02prg4vgu16hni1ki62rk1dh5pi4am.apps.googleusercontent.com",
          "client_type": 3
        }
      ],
      "api_key": [
        {
          "current_key": "AIzaSyALOTrtkVfQFvXzXDT2W_oEYrWIYW5A3Ss"
        }
      ],
      "services": {
        "analytics_service": {
          "status": 1
        },
        "appinvite_service": {
          "status": 2,
          "other_platform_oauth_client": [
            {
              "client_id": "463665648594-7p02prg4vgu16hni1ki62rk1dh5pi4am.apps.googleusercontent.com",
              "client_type": 3
            }
          ]
        },
        "ads_service": {
          "status": 2
        }
      }
    }
  ],
  "configuration_version": "1"
}